animaltype,size,total,percentage,grand_total
Bird,large,7770,0.002234675,3477015
Dog,small,336530,0.096787043,3477015
Dog,large,977665,0.281179402,3477015
Bird,medium,3460,0.000995106,3477015
Cat,large,439490,0.126398649,3477015
Bird,small,1615,0.000464479,3477015
Dog,medium,941895,0.270891843,3477015
Cat,small,518015,0.148982676,3477015
Cat,medium,250575,0.072066126,3477015
